city,url
Angeles,https://www.philatlas.com/luzon/r03/angeles.html
Bacolod,https://www.philatlas.com/visayas/r06/bacolod.html
Baguio,https://www.philatlas.com/luzon/car/baguio.html
Butuan,https://www.philatlas.com/mindanao/caraga/butuan.html
Cagayan de Oro,https://www.philatlas.com/mindanao/r10/cagayan-de-oro.html
Caloocan,https://www.philatlas.com/luzon/ncr/caloocan.html
Cebu City,https://www.philatlas.com/visayas/r07/cebu-city.html
Davao City,https://www.philatlas.com/mindanao/r11/davao-city.html
General Santos,https://www.philatlas.com/mindanao/r12/general-santos.html
Iligan,https://www.philatlas.com/mindanao/r10/iligan.html
Iloilo City,https://www.philatlas.com/visayas/r06/iloilo-city.html
Lapu-Lapu,https://www.philatlas.com/visayas/r07/lapu-lapu.html
Las Piñas,https://www.philatlas.com/luzon/ncr/las-pinas.html
Lucena,https://www.philatlas.com/luzon/r04a/lucena.html
Makati,https://www.philatlas.com/luzon/ncr/makati.html
Malabon,https://www.philatlas.com/luzon/ncr/malabon.html
Mandaluyong,https://www.philatlas.com/luzon/ncr/mandaluyong.html
Mandaue,https://www.philatlas.com/visayas/r07/mandaue.html
Manila,https://www.philatlas.com/luzon/ncr/manila.html
Marikina,https://www.philatlas.com/luzon/ncr/marikina.html
Muntinlupa,https://www.philatlas.com/luzon/ncr/muntinlupa.html
Navotas,https://www.philatlas.com/luzon/ncr/navotas.html
Olongapo,https://www.philatlas.com/luzon/r03/olongapo.html
Parañaque,https://www.philatlas.com/luzon/ncr/paranaque.html
Pasay,https://www.philatlas.com/luzon/ncr/pasay.html
Pasig,https://www.philatlas.com/luzon/ncr/pasig.html
Puerto Princesa,https://www.philatlas.com/luzon/mimaropa/puerto-princesa.html
Quezon City,https://www.philatlas.com/luzon/ncr/quezon-city.html
San Juan,https://www.philatlas.com/luzon/ncr/san-juan.html
Tacloban,https://www.philatlas.com/visayas/r08/tacloban.html
Taguig,https://www.philatlas.com/luzon/ncr/taguig.html
Valenzuela,https://www.philatlas.com/luzon/ncr/valenzuela.html
Zamboanga City,https://www.philatlas.com/mindanao/r09/zamboanga-city.html
Cotabato City,https://www.philatlas.com/mindanao/r12/cotabato-city.html
Dagupan,https://www.philatlas.com/luzon/r01/pangasinan/dagupan.html
Naga,https://www.philatlas.com/luzon/r05/camarines-sur/naga.html
Ormoc,https://www.philatlas.com/visayas/r08/leyte/ormoc.html
Santiago,https://www.philatlas.com/luzon/r02/isabela/santiago.html
Alaminos,https://www.philatlas.com/luzon/r01/pangasinan/alaminos.html
Antipolo,https://www.philatlas.com/luzon/r04a/rizal/antipolo.html
Bacoor,https://www.philatlas.com/luzon/r04a/cavite/bacoor.html
Bago,https://www.philatlas.com/visayas/r06/negros-occidental/bago.html
Bais,https://www.philatlas.com/visayas/r07/negros-oriental/bais.html
Balanga,https://www.philatlas.com/luzon/r03/bataan/balanga.html
Batac,https://www.philatlas.com/luzon/r01/ilocos-norte/batac.html
Batangas City,https://www.philatlas.com/luzon/r04a/batangas/batangas-city.html
Bayawan,https://www.philatlas.com/visayas/r07/negros-oriental/bayawan.html
Baybay,https://www.philatlas.com/visayas/r08/leyte/baybay.html
Bayugan,https://www.philatlas.com/mindanao/caraga/agusan-del-sur/bayugan.html
Bislig,https://www.philatlas.com/mindanao/caraga/surigao-del-sur/bislig.html
Biñan,https://www.philatlas.com/luzon/r04a/laguna/binan.html
Bogo,https://www.philatlas.com/visayas/r07/cebu/bogo.html
Borongan,https://www.philatlas.com/visayas/r08/eastern-samar/borongan.html
Cabadbaran,https://www.philatlas.com/mindanao/caraga/agusan-del-norte/cabadbaran.html
Cabanatuan,https://www.philatlas.com/luzon/r03/nueva-ecija/cabanatuan.html
Cabuyao,https://www.philatlas.com/luzon/r04a/laguna/cabuyao.html
Cadiz,https://www.philatlas.com/visayas/r06/negros-occidental/cadiz.html
Calamba,https://www.philatlas.com/luzon/r04a/laguna/calamba.html
Calapan,https://www.philatlas.com/luzon/mimaropa/oriental-mindoro/calapan.html
Calbayog,https://www.philatlas.com/visayas/r08/samar/calbayog.html
Candon,https://www.philatlas.com/luzon/r01/ilocos-sur/candon.html
Canlaon,https://www.philatlas.com/visayas/r07/negros-oriental/canlaon.html
Carcar,https://www.philatlas.com/visayas/r07/cebu/carcar.html
Catbalogan,https://www.philatlas.com/visayas/r08/samar/catbalogan.html
Cauayan,https://www.philatlas.com/luzon/r02/isabela/cauayan.html
Cavite City,https://www.philatlas.com/luzon/r04a/cavite/cavite-city.html
Danao,https://www.philatlas.com/visayas/r07/cebu/danao.html
Dapitan,https://www.philatlas.com/mindanao/r09/zamboanga-del-norte/dapitan.html
Dasmariñas,https://www.philatlas.com/luzon/r04a/cavite/dasmarinas.html
Digos,https://www.philatlas.com/mindanao/r11/davao-del-sur/digos.html
Dipolog,https://www.philatlas.com/mindanao/r09/zamboanga-del-norte/dipolog.html
Dumaguete,https://www.philatlas.com/visayas/r07/negros-oriental/dumaguete.html
El Salvador,https://www.philatlas.com/mindanao/r10/misamis-oriental/el-salvador.html
Escalante,https://www.philatlas.com/visayas/r06/negros-occidental/escalante.html
Gapan,https://www.philatlas.com/luzon/r03/nueva-ecija/gapan.html
General Trias,https://www.philatlas.com/luzon/r04a/cavite/general-trias.html
Gingoog,https://www.philatlas.com/mindanao/r10/misamis-oriental/gingoog.html
Guihulngan,https://www.philatlas.com/visayas/r07/negros-oriental/guihulngan.html
Himamaylan,https://www.philatlas.com/visayas/r06/negros-occidental/himamaylan.html
Ilagan,https://www.philatlas.com/luzon/r02/isabela/ilagan.html
Imus,https://www.philatlas.com/luzon/r04a/cavite/imus.html
Iriga,https://www.philatlas.com/luzon/r05/camarines-sur/iriga.html
Isabela City,https://www.philatlas.com/mindanao/r09/isabela-city.html
Kabankalan,https://www.philatlas.com/visayas/r06/negros-occidental/kabankalan.html
Kidapawan,https://www.philatlas.com/mindanao/r12/cotabato/kidapawan.html
Koronadal,https://www.philatlas.com/mindanao/r12/south-cotabato/koronadal.html
La Carlota,https://www.philatlas.com/visayas/r06/negros-occidental/la-carlota.html
Lamitan,https://www.philatlas.com/mindanao/barmm/basilan/lamitan.html
Laoag,https://www.philatlas.com/luzon/r01/ilocos-norte/laoag.html
Legazpi,https://www.philatlas.com/luzon/r05/albay/legazpi.html
Ligao,https://www.philatlas.com/luzon/r05/albay/ligao.html
Lipa,https://www.philatlas.com/luzon/r04a/batangas/lipa.html
Maasin,https://www.philatlas.com/visayas/r08/southern-leyte/maasin.html
Mabalacat,https://www.philatlas.com/luzon/r03/pampanga/mabalacat.html
Malaybalay,https://www.philatlas.com/mindanao/r10/bukidnon/malaybalay.html
Malolos,https://www.philatlas.com/luzon/r03/bulacan/malolos.html
Marawi,https://www.philatlas.com/mindanao/barmm/lanao-del-sur/marawi.html
Masbate City,https://www.philatlas.com/luzon/r05/masbate/masbate-city.html
Mati,https://www.philatlas.com/mindanao/r11/davao-oriental/mati.html
Meycauayan,https://www.philatlas.com/luzon/r03/bulacan/meycauayan.html
Muñoz,https://www.philatlas.com/luzon/r03/nueva-ecija/munoz.html
Naga,https://www.philatlas.com/visayas/r07/cebu/naga.html
Oroquieta,https://www.philatlas.com/mindanao/r10/misamis-occidental/oroquieta.html
Ozamiz,https://www.philatlas.com/mindanao/r10/misamis-occidental/ozamiz.html
Pagadian,https://www.philatlas.com/mindanao/r09/zamboanga-del-sur/pagadian.html
Palayan,https://www.philatlas.com/luzon/r03/nueva-ecija/palayan.html
Panabo,https://www.philatlas.com/mindanao/r11/davao-del-norte/panabo.html
Passi,https://www.philatlas.com/visayas/r06/iloilo/passi.html
Roxas City,https://www.philatlas.com/visayas/r06/capiz/roxas-city.html
Sagay,https://www.philatlas.com/visayas/r06/negros-occidental/sagay.html
Samal,https://www.philatlas.com/mindanao/r11/davao-del-norte/samal.html
San Carlos,https://www.philatlas.com/luzon/r01/pangasinan/san-carlos.html
San Carlos,https://www.philatlas.com/visayas/r06/negros-occidental/san-carlos.html
San Fernando,https://www.philatlas.com/luzon/r01/la-union/san-fernando.html
San Fernando,https://www.philatlas.com/luzon/r03/pampanga/san-fernando.html
San Jose,https://www.philatlas.com/luzon/r03/nueva-ecija/san-jose.html
San Jose del Monte,https://www.philatlas.com/luzon/r03/bulacan/san-jose-del-monte.html
San Pablo,https://www.philatlas.com/luzon/r04a/laguna/san-pablo.html
San Pedro,https://www.philatlas.com/luzon/r04a/laguna/san-pedro.html
Santa Rosa,https://www.philatlas.com/luzon/r04a/laguna/santa-rosa.html
Santo Tomas,https://www.philatlas.com/luzon/r04a/batangas/santo-tomas.html
Silay,https://www.philatlas.com/visayas/r06/negros-occidental/silay.html
Sipalay,https://www.philatlas.com/visayas/r06/negros-occidental/sipalay.html
Sorsogon City,https://www.philatlas.com/luzon/r05/sorsogon/sorsogon-city.html
Surigao City,https://www.philatlas.com/mindanao/caraga/surigao-del-norte/surigao-city.html
Tabaco,https://www.philatlas.com/luzon/r05/albay/tabaco.html
Tabuk,https://www.philatlas.com/luzon/car/kalinga/tabuk.html
Tacurong,https://www.philatlas.com/mindanao/r12/sultan-kudarat/tacurong.html
Tagaytay,https://www.philatlas.com/luzon/r04a/cavite/tagaytay.html
Tagbilaran,https://www.philatlas.com/visayas/r07/bohol/tagbilaran.html
Tagum,https://www.philatlas.com/mindanao/r11/davao-del-norte/tagum.html
Talisay,https://www.philatlas.com/visayas/r06/negros-occidental/talisay.html
Talisay,https://www.philatlas.com/visayas/r07/cebu/talisay.html
Tanauan,https://www.philatlas.com/luzon/r04a/batangas/tanauan.html
Tandag,https://www.philatlas.com/mindanao/caraga/surigao-del-sur/tandag.html
Tangub,https://www.philatlas.com/mindanao/r10/misamis-occidental/tangub.html
Tanjay,https://www.philatlas.com/visayas/r07/negros-oriental/tanjay.html
Tarlac City,https://www.philatlas.com/luzon/r03/tarlac/tarlac-city.html
Tayabas,https://www.philatlas.com/luzon/r04a/quezon/tayabas.html
Toledo,https://www.philatlas.com/visayas/r07/cebu/toledo.html
Trece Martires,https://www.philatlas.com/luzon/r04a/cavite/trece-martires.html
Tuguegarao,https://www.philatlas.com/luzon/r02/cagayan/tuguegarao.html
Urdaneta,https://www.philatlas.com/luzon/r01/pangasinan/urdaneta.html
Valencia,https://www.philatlas.com/mindanao/r10/bukidnon/valencia.html
Victorias,https://www.philatlas.com/visayas/r06/negros-occidental/victorias.html
Vigan,https://www.philatlas.com/luzon/r01/ilocos-sur/vigan.html
